Workbook

Sheet clones
A1: score | B1: Approx Lines Cleared | C1: Approx % World Record | D1: w1 | E1: w2 | F1: w3 | G1: w4 | H1: w5 | I1: w6 | J1: w7 | K1: w8 | L1: ,1 | M1: ,2 | N1: ,3 | O1: ,4 | P1: ,5 | Q1: ,6 | R1: ,7 | T1: pastey column | U1: : | V1: cut1 | W1: trimmed | X1: * | Y1: text score
A2: =IF(ISBLANK(T2),"",VALUE(Y2)) -> 4505154 | B2: =A2*4/10 -18 -> 1802043.6 | C2: =B2/7000000 -> 0.2574348 | D2: =VALUE(MID(W2,$X2+2,L2-(X2+2))) -> -320 | E2: =VALUE(MID($W2,L2+1,M2-(L2+1))) -> -778 | F2: =VALUE(MID($W2,M2+1,N2-(M2+1))) -> 4403 | G2: =VALUE(MID($W2,N2+1,O2-(N2+1))) -> 324 | H2: =VALUE(MID($W2,O2+1,P2-(O2+1))) -> 1316 | I2: =VALUE(MID($W2,P2+1,Q2-(P2+1))) -> 3170 | J2: =VALUE(MID($W2,Q2+1,R2-(Q2+1))) -> 4743 | K2: =VALUE(MID(W2,R2+1,LEN(W2)-(R2))) -> 4495 | L2: =SEARCH(",",W2,X2) -> 16 | M2: =SEARCH(",",$W2,L2+1) -> 22 | N2: =SEARCH(",",$W2,M2+1) -> 28 | O2: =SEARCH(",",$W2,N2+1) -> 33 | P2: =SEARCH(",",$W2,O2+1) -> 39 | Q2: =SEARCH(",",$W2,P2+1) -> 45 | R2: =SEARCH(",",$W2,Q2+1) -> 51 | T2: Score: 4505154 ** -320, -778, 4403, 324, 1316, 3170, 4743, 4495 | U2: =SEARCH(":",T2) -> 6 | V2: =MID(T2,U2+1,LEN(T2)-(U2)) -> 4505154 ** -320, -778, 4403, 324, 1316, 3170, 4743, 4495 | W2: =TRIM(V2) -> 4505154 ** -320, -778, 4403, 324, 1316, 3170, 4743, 4495 | X2: =SEARCH("~*",W2) -> 9 | Y2: =LEFT(W2,X2-1) -> 4505154 | AA2: =CONCATENATE(A2,",",D2,",",E2,",",F2,",",G2,",",H2,",",I2,",",J2,",",K2) -> 4505154,-320,-778,4403,324,1316,3170,4743,4495
A3: =IF(ISBLANK(T3),"",VALUE(Y3)) -> 4134995 | B3: =A3*4/10 -18 -> 1653980 | C3: =B3/7000000 -> 0.23628286 | D3: =VALUE(MID(W3,$X3+2,L3-(X3+2))) -> -320 | E3: =VALUE(MID($W3,L3+1,M3-(L3+1))) -> -778 | F3: =VALUE(MID($W3,M3+1,N3-(M3+1))) -> 4403 | G3: =VALUE(MID($W3,N3+1,O3-(N3+1))) -> 324 | H3: =VALUE(MID($W3,O3+1,P3-(O3+1))) -> 1316 | I3: =VALUE(MID($W3,P3+1,Q3-(P3+1))) -> 3170 | J3: =VALUE(MID($W3,Q3+1,R3-(Q3+1))) -> 4743 | K3: =VALUE(MID(W3,R3+1,LEN(W3)-(R3))) -> 4495 | L3: =SEARCH(",",W3,X3) -> 16 | M3: =SEARCH(",",$W3,L3+1) -> 22 | N3: =SEARCH(",",$W3,M3+1) -> 28 | O3: =SEARCH(",",$W3,N3+1) -> 33 | P3: =SEARCH(",",$W3,O3+1) -> 39 | Q3: =SEARCH(",",$W3,P3+1) -> 45 | R3: =SEARCH(",",$W3,Q3+1) -> 51 | T3: Score: 4134995 ** -320, -778, 4403, 324, 1316, 3170, 4743, 4495 | U3: =SEARCH(":",T3) -> 6 | V3: =MID(T3,U3+1,LEN(T3)-(U3)) -> 4134995 ** -320, -778, 4403, 324, 1316, 3170, 4743, 4495 | W3: =TRIM(V3) -> 4134995 ** -320, -778, 4403, 324, 1316, 3170, 4743, 4495 | X3: =SEARCH("~*",W3) -> 9 | Y3: =LEFT(W3,X3-1) -> 4134995 | AA3: =CONCATENATE(A3,",",D3,",",E3,",",F3,",",G3,",",H3,",",I3,",",J3,",",K3) -> 4134995,-320,-778,4403,324,1316,3170,4743,4495
A4: =IF(ISBLANK(T4),"",VALUE(Y4)) -> 4132081 | B4: =A4*4/10 -18 -> 1652814.4 | C4: =B4/7000000 -> 0.23611634 | D4: =VALUE(MID(W4,$X4+2,L4-(X4+2))) -> -320 | E4: =VALUE(MID($W4,L4+1,M4-(L4+1))) -> -778 | F4: =VALUE(MID($W4,M4+1,N4-(M4+1))) -> 4403 | G4: =VALUE(MID($W4,N4+1,O4-(N4+1))) -> 324 | H4: =VALUE(MID($W4,O4+1,P4-(O4+1))) -> 1316 | I4: =VALUE(MID($W4,P4+1,Q4-(P4+1))) -> 3170 | J4: =VALUE(MID($W4,Q4+1,R4-(Q4+1))) -> 4743 | K4: =VALUE(MID(W4,R4+1,LEN(W4)-(R4))) -> 4495 | L4: =SEARCH(",",W4,X4) -> 16 | M4: =SEARCH(",",$W4,L4+1) -> 22 | N4: =SEARCH(",",$W4,M4+1) -> 28 | O4: =SEARCH(",",$W4,N4+1) -> 33 | P4: =SEARCH(",",$W4,O4+1) -> 39 | Q4: =SEARCH(",",$W4,P4+1) -> 45 | R4: =SEARCH(",",$W4,Q4+1) -> 51 | T4: Score: 4132081 ** -320, -778, 4403, 324, 1316, 3170, 4743, 4495 | U4: =SEARCH(":",T4) -> 6 | V4: =MID(T4,U4+1,LEN(T4)-(U4)) -> 4132081 ** -320, -778, 4403, 324, 1316, 3170, 4743, 4495 | W4: =TRIM(V4) -> 4132081 ** -320, -778, 4403, 324, 1316, 3170, 4743, 4495 | X4: =SEARCH("~*",W4) -> 9 | Y4: =LEFT(W4,X4-1) -> 4132081 | AA4: =CONCATENATE(A4,",",D4,",",E4,",",F4,",",G4,",",H4,",",I4,",",J4,",",K4) -> 4132081,-320,-778,4403,324,1316,3170,4743,4495
A5: =IF(ISBLANK(T5),"",VALUE(Y5)) -> 3977537 | B5: =A5*4/10 -18 -> 1590996.8 | C5: =B5/7000000 -> 0.22728526 | D5: =VALUE(MID(W5,$X5+2,L5-(X5+2))) -> -320 | E5: =VALUE(MID($W5,L5+1,M5-(L5+1))) -> -778 | F5: =VALUE(MID($W5,M5+1,N5-(M5+1))) -> 4403 | G5: =VALUE(MID($W5,N5+1,O5-(N5+1))) -> 324 | H5: =VALUE(MID($W5,O5+1,P5-(O5+1))) -> 1316 | I5: =VALUE(MID($W5,P5+1,Q5-(P5+1))) -> 3170 | J5: =VALUE(MID($W5,Q5+1,R5-(Q5+1))) -> 4743 | K5: =VALUE(MID(W5,R5+1,LEN(W5)-(R5))) -> 4495 | L5: =SEARCH(",",W5,X5) -> 16 | M5: =SEARCH(",",$W5,L5+1) -> 22 | N5: =SEARCH(",",$W5,M5+1) -> 28 | O5: =SEARCH(",",$W5,N5+1) -> 33 | P5: =SEARCH(",",$W5,O5+1) -> 39 | Q5: =SEARCH(",",$W5,P5+1) -> 45 | R5: =SEARCH(",",$W5,Q5+1) -> 51 | T5: Score: 3977537 ** -320, -778, 4403, 324, 1316, 3170, 4743, 4495 | U5: =SEARCH(":",T5) -> 6 | V5: =MID(T5,U5+1,LEN(T5)-(U5)) -> 3977537 ** -320, -778, 4403, 324, 1316, 3170, 4743, 4495 | W5: =TRIM(V5) -> 3977537 ** -320, -778, 4403, 324, 1316, 3170, 4743, 4495 | X5: =SEARCH("~*",W5) -> 9 | Y5: =LEFT(W5,X5-1) -> 3977537 | AA5: =CONCATENATE(A5,",",D5,",",E5,",",F5,",",G5,",",H5,",",I5,",",J5,",",K5) -> 3977537,-320,-778,4403,324,1316,3170,4743,4495
A6: =IF(ISBLANK(T6),"",VALUE(Y6)) -> 3188096 | B6: =A6*4/10 -18 -> 1275220.4 | C6: =B6/7000000 -> 0.18217434 | D6: =VALUE(MID(W6,$X6+2,L6-(X6+2))) -> -320 | E6: =VALUE(MID($W6,L6+1,M6-(L6+1))) -> -778 | F6: =VALUE(MID($W6,M6+1,N6-(M6+1))) -> 4403 | G6: =VALUE(MID($W6,N6+1,O6-(N6+1))) -> 324 | H6: =VALUE(MID($W6,O6+1,P6-(O6+1))) -> 1316 | I6: =VALUE(MID($W6,P6+1,Q6-(P6+1))) -> 3170 | J6: =VALUE(MID($W6,Q6+1,R6-(Q6+1))) -> 4743 | K6: =VALUE(MID(W6,R6+1,LEN(W6)-(R6))) -> 4495 | L6: =SEARCH(",",W6,X6) -> 16 | M6: =SEARCH(",",$W6,L6+1) -> 22 | N6: =SEARCH(",",$W6,M6+1) -> 28 | O6: =SEARCH(",",$W6,N6+1) -> 33 | P6: =SEARCH(",",$W6,O6+1) -> 39 | Q6: =SEARCH(",",$W6,P6+1) -> 45 | R6: =SEARCH(",",$W6,Q6+1) -> 51 | T6: Score: 3188096 ** -320, -778, 4403, 324, 1316, 3170, 4743, 4495 | U6: =SEARCH(":",T6) -> 6 | V6: =MID(T6,U6+1,LEN(T6)-(U6)) -> 3188096 ** -320, -778, 4403, 324, 1316, 3170, 4743, 4495 | W6: =TRIM(V6) -> 3188096 ** -320, -778, 4403, 324, 1316, 3170, 4743, 4495 | X6: =SEARCH("~*",W6) -> 9 | Y6: =LEFT(W6,X6-1) -> 3188096 | AA6: =CONCATENATE(A6,",",D6,",",E6,",",F6,",",G6,",",H6,",",I6,",",J6,",",K6) -> 3188096,-320,-778,4403,324,1316,3170,4743,4495
A7: =IF(ISBLANK(T7),"",VALUE(Y7)) -> 3127720 | B7: =A7*4/10 -18 -> 1251070 | C7: =B7/7000000 -> 0.17872429 | D7: =VALUE(MID(W7,$X7+2,L7-(X7+2))) -> -320 | E7: =VALUE(MID($W7,L7+1,M7-(L7+1))) -> -778 | F7: =VALUE(MID($W7,M7+1,N7-(M7+1))) -> 4403 | G7: =VALUE(MID($W7,N7+1,O7-(N7+1))) -> 324 | H7: =VALUE(MID($W7,O7+1,P7-(O7+1))) -> 1316 | I7: =VALUE(MID($W7,P7+1,Q7-(P7+1))) -> 3170 | J7: =VALUE(MID($W7,Q7+1,R7-(Q7+1))) -> 4743 | K7: =VALUE(MID(W7,R7+1,LEN(W7)-(R7))) -> 4495 | L7: =SEARCH(",",W7,X7) -> 16 | M7: =SEARCH(",",$W7,L7+1) -> 22 | N7: =SEARCH(",",$W7,M7+1) -> 28 | O7: =SEARCH(",",$W7,N7+1) -> 33 | P7: =SEARCH(",",$W7,O7+1) -> 39 | Q7: =SEARCH(",",$W7,P7+1) -> 45 | R7: =SEARCH(",",$W7,Q7+1) -> 51 | T7: Score: 3127720 ** -320, -778, 4403, 324, 1316, 3170, 4743, 4495 | U7: =SEARCH(":",T7) -> 6 | V7: =MID(T7,U7+1,LEN(T7)-(U7)) -> 3127720 ** -320, -778, 4403, 324, 1316, 3170, 4743, 4495 | W7: =TRIM(V7) -> 3127720 ** -320, -778, 4403, 324, 1316, 3170, 4743, 4495 | X7: =SEARCH("~*",W7) -> 9 | Y7: =LEFT(W7,X7-1) -> 3127720 | AA7: =CONCATENATE(A7,",",D7,",",E7,",",F7,",",G7,",",H7,",",I7,",",J7,",",K7) -> 3127720,-320,-778,4403,324,1316,3170,4743,4495
A8: =IF(ISBLANK(T8),"",VALUE(Y8)) -> 2903777 | B8: =A8*4/10 -18 -> 1161492.8 | C8: =B8/7000000 -> 0.16592754 | D8: =VALUE(MID(W8,$X8+2,L8-(X8+2))) -> -320 | E8: =VALUE(MID($W8,L8+1,M8-(L8+1))) -> -778 | F8: =VALUE(MID($W8,M8+1,N8-(M8+1))) -> 4403 | G8: =VALUE(MID($W8,N8+1,O8-(N8+1))) -> 324 | H8: =VALUE(MID($W8,O8+1,P8-(O8+1))) -> 1316 | I8: =VALUE(MID($W8,P8+1,Q8-(P8+1))) -> 3170 | J8: =VALUE(MID($W8,Q8+1,R8-(Q8+1))) -> 4743 | K8: =VALUE(MID(W8,R8+1,LEN(W8)-(R8))) -> 4495 | L8: =SEARCH(",",W8,X8) -> 16 | M8: =SEARCH(",",$W8,L8+1) -> 22 | N8: =SEARCH(",",$W8,M8+1) -> 28 | O8: =SEARCH(",",$W8,N8+1) -> 33 | P8: =SEARCH(",",$W8,O8+1) -> 39 | Q8: =SEARCH(",",$W8,P8+1) -> 45 | R8: =SEARCH(",",$W8,Q8+1) -> 51 | T8: Score: 2903777 ** -320, -778, 4403, 324, 1316, 3170, 4743, 4495 | U8: =SEARCH(":",T8) -> 6 | V8: =MID(T8,U8+1,LEN(T8)-(U8)) -> 2903777 ** -320, -778, 4403, 324, 1316, 3170, 4743, 4495 | W8: =TRIM(V8) -> 2903777 ** -320, -778, 4403, 324, 1316, 3170, 4743, 4495 | X8: =SEARCH("~*",W8) -> 9 | Y8: =LEFT(W8,X8-1) -> 2903777 | AA8: =CONCATENATE(A8,",",D8,",",E8,",",F8,",",G8,",",H8,",",I8,",",J8,",",K8) -> 2903777,-320,-778,4403,324,1316,3170,4743,4495
A9: =IF(ISBLANK(T9),"",VALUE(Y9)) -> 2596670 | B9: =A9*4/10 -18 -> 1038650 | C9: =B9/7000000 -> 0.14837857 | D9: =VALUE(MID(W9,$X9+2,L9-(X9+2))) -> -320 | E9: =VALUE(MID($W9,L9+1,M9-(L9+1))) -> -778 | F9: =VALUE(MID($W9,M9+1,N9-(M9+1))) -> 4403 | G9: =VALUE(MID($W9,N9+1,O9-(N9+1))) -> 324 | H9: =VALUE(MID($W9,O9+1,P9-(O9+1))) -> 1316 | I9: =VALUE(MID($W9,P9+1,Q9-(P9+1))) -> 3170 | J9: =VALUE(MID($W9,Q9+1,R9-(Q9+1))) -> 4743 | K9: =VALUE(MID(W9,R9+1,LEN(W9)-(R9))) -> 4495 | L9: =SEARCH(",",W9,X9) -> 16 | M9: =SEARCH(",",$W9,L9+1) -> 22 | N9: =SEARCH(",",$W9,M9+1) -> 28 | O9: =SEARCH(",",$W9,N9+1) -> 33 | P9: =SEARCH(",",$W9,O9+1) -> 39 | Q9: =SEARCH(",",$W9,P9+1) -> 45 | R9: =SEARCH(",",$W9,Q9+1) -> 51 | T9: Score: 2596670 ** -320, -778, 4403, 324, 1316, 3170, 4743, 4495 | U9: =SEARCH(":",T9) -> 6 | V9: =MID(T9,U9+1,LEN(T9)-(U9)) -> 2596670 ** -320, -778, 4403, 324, 1316, 3170, 4743, 4495 | W9: =TRIM(V9) -> 2596670 ** -320, -778, 4403, 324, 1316, 3170, 4743, 4495 | X9: =SEARCH("~*",W9) -> 9 | Y9: =LEFT(W9,X9-1) -> 2596670 | AA9: =CONCATENATE(A9,",",D9,",",E9,",",F9,",",G9,",",H9,",",I9,",",J9,",",K9) -> 2596670,-320,-778,4403,324,1316,3170,4743,4495
A10: =IF(ISBLANK(T10),"",VALUE(Y10)) -> 2568809 | B10: =A10*4/10 -18 -> 1027505.6 | C10: =B10/7000000 -> 0.14678651 | D10: =VALUE(MID(W10,$X10+2,L10-(X10+2))) -> -320 | E10: =VALUE(MID($W10,L10+1,M10-(L10+1))) -> -778 | F10: =VALUE(MID($W10,M10+1,N10-(M10+1))) -> 4403 | G10: =VALUE(MID($W10,N10+1,O10-(N10+1))) -> 324 | H10: =VALUE(MID($W10,O10+1,P10-(O10+1))) -> 1316 | I10: =VALUE(MID($W10,P10+1,Q10-(P10+1))) -> 3170 | J10: =VALUE(MID($W10,Q10+1,R10-(Q10+1))) -> 4743 | K10: =VALUE(MID(W10,R10+1,LEN(W10)-(R10))) -> 4495 | L10: =SEARCH(",",W10,X10) -> 16 | M10: =SEARCH(",",$W10,L10+1) -> 22 | N10: =SEARCH(",",$W10,M10+1) -> 28 | O10: =SEARCH(",",$W10,N10+1) -> 33 | P10: =SEARCH(",",$W10,O10+1) -> 39 | Q10: =SEARCH(",",$W10,P10+1) -> 45 | R10: =SEARCH(",",$W10,Q10+1) -> 51 | T10: Score: 2568809 ** -320, -778, 4403, 324, 1316, 3170, 4743, 4495 | U10: =SEARCH(":",T10) -> 6 | V10: =MID(T10,U10+1,LEN(T10)-(U10)) -> 2568809 ** -320, -778, 4403, 324, 1316, 3170, 4743, 4495 | W10: =TRIM(V10) -> 2568809 ** -320, -778, 4403, 324, 1316, 3170, 4743, 4495 | X10: =SEARCH("~*",W10) -> 9 | Y10: =LEFT(W10,X10-1) -> 2568809 | AA10: =CONCATENATE(A10,",",D10,",",E10,",",F10,",",G10,",",H10,",",I10,",",J10,",",K10) -> 2568809,-320,-778,4403,324,1316,3170,4743,4495
A11: =IF(ISBLANK(T11),"",VALUE(Y11)) -> 2483312 | B11: =A11*4/10 -18 -> 993306.8 | C11: =B11/7000000 -> 0.14190097 | D11: =VALUE(MID(W11,$X11+2,L11-(X11+2))) -> -320 | E11: =VALUE(MID($W11,L11+1,M11-(L11+1))) -> -778 | F11: =VALUE(MID($W11,M11+1,N11-(M11+1))) -> 4403 | G11: =VALUE(MID($W11,N11+1,O11-(N11+1))) -> 324 | H11: =VALUE(MID($W11,O11+1,P11-(O11+1))) -> 1316 | I11: =VALUE(MID($W11,P11+1,Q11-(P11+1))) -> 3170 | J11: =VALUE(MID($W11,Q11+1,R11-(Q11+1))) -> 4743 | K11: =VALUE(MID(W11,R11+1,LEN(W11)-(R11))) -> 4495 | L11: =SEARCH(",",W11,X11) -> 16 | M11: =SEARCH(",",$W11,L11+1) -> 22 | N11: =SEARCH(",",$W11,M11+1) -> 28 | O11: =SEARCH(",",$W11,N11+1) -> 33 | P11: =SEARCH(",",$W11,O11+1) -> 39 | Q11: =SEARCH(",",$W11,P11+1) -> 45 | R11: =SEARCH(",",$W11,Q11+1) -> 51 | T11: Score: 2483312 ** -320, -778, 4403, 324, 1316, 3170, 4743, 4495 | U11: =SEARCH(":",T11) -> 6 | V11: =MID(T11,U11+1,LEN(T11)-(U11)) -> 2483312 ** -320, -778, 4403, 324, 1316, 3170, 4743, 4495 | W11: =TRIM(V11) -> 2483312 ** -320, -778, 4403, 324, 1316, 3170, 4743, 4495 | X11: =SEARCH("~*",W11) -> 9 | Y11: =LEFT(W11,X11-1) -> 2483312 | AA11: =CONCATENATE(A11,",",D11,",",E11,",",F11,",",G11,",",H11,",",I11,",",J11,",",K11) -> 2483312,-320,-778,4403,324,1316,3170,4743,4495
A12: =IF(ISBLANK(T12),"",VALUE(Y12)) -> 2475768 | B12: =A12*4/10 -18 -> 990289.2 | C12: =B12/7000000 -> 0.14146989 | D12: =VALUE(MID(W12,$X12+2,L12-(X12+2))) -> -320 | E12: =VALUE(MID($W12,L12+1,M12-(L12+1))) -> -778 | F12: =VALUE(MID($W12,M12+1,N12-(M12+1))) -> 4403 | G12: =VALUE(MID($W12,N12+1,O12-(N12+1))) -> 324 | H12: =VALUE(MID($W12,O12+1,P12-(O12+1))) -> 1316 | I12: =VALUE(MID($W12,P12+1,Q12-(P12+1))) -> 3170 | J12: =VALUE(MID($W12,Q12+1,R12-(Q12+1))) -> 4743 | K12: =VALUE(MID(W12,R12+1,LEN(W12)-(R12))) -> 4495 | L12: =SEARCH(",",W12,X12) -> 16 | M12: =SEARCH(",",$W12,L12+1) -> 22 | N12: =SEARCH(",",$W12,M12+1) -> 28 | O12: =SEARCH(",",$W12,N12+1) -> 33 | P12: =SEARCH(",",$W12,O12+1) -> 39 | Q12: =SEARCH(",",$W12,P12+1) -> 45 | R12: =SEARCH(",",$W12,Q12+1) -> 51 | T12: Score: 2475768 ** -320, -778, 4403, 324, 1316, 3170, 4743, 4495 | U12: =SEARCH(":",T12) -> 6 | V12: =MID(T12,U12+1,LEN(T12)-(U12)) -> 2475768 ** -320, -778, 4403, 324, 1316, 3170, 4743, 4495 | W12: =TRIM(V12) -> 2475768 ** -320, -778, 4403, 324, 1316, 3170, 4743, 4495 | X12: =SEARCH("~*",W12) -> 9 | Y12: =LEFT(W12,X12-1) -> 2475768 | AA12: =CONCATENATE(A12,",",D12,",",E12,",",F12,",",G12,",",H12,",",I12,",",J12,",",K12) -> 2475768,-320,-778,4403,324,1316,3170,4743,4495
A13: =IF(ISBLANK(T13),"",VALUE(Y13)) -> 2426914 | B13: =A13*4/10 -18 -> 970747.6 | C13: =B13/7000000 -> 0.13867823 | D13: =VALUE(MID(W13,$X13+2,L13-(X13+2))) -> -320 | E13: =VALUE(MID($W13,L13+1,M13-(L13+1))) -> -778 | F13: =VALUE(MID($W13,M13+1,N13-(M13+1))) -> 4403 | G13: =VALUE(MID($W13,N13+1,O13-(N13+1))) -> 324 | H13: =VALUE(MID($W13,O13+1,P13-(O13+1))) -> 1316 | I13: =VALUE(MID($W13,P13+1,Q13-(P13+1))) -> 3170 | J13: =VALUE(MID($W13,Q13+1,R13-(Q13+1))) -> 4743 | K13: =VALUE(MID(W13,R13+1,LEN(W13)-(R13))) -> 4495 | L13: =SEARCH(",",W13,X13) -> 16 | M13: =SEARCH(",",$W13,L13+1) -> 22 | N13: =SEARCH(",",$W13,M13+1) -> 28 | O13: =SEARCH(",",$W13,N13+1) -> 33 | P13: =SEARCH(",",$W13,O13+1) -> 39 | Q13: =SEARCH(",",$W13,P13+1) -> 45 | R13: =SEARCH(",",$W13,Q13+1) -> 51 | T13: Score: 2426914 ** -320, -778, 4403, 324, 1316, 3170, 4743, 4495 | U13: =SEARCH(":",T13) -> 6 | V13: =MID(T13,U13+1,LEN(T13)-(U13)) -> 2426914 ** -320, -778, 4403, 324, 1316, 3170, 4743, 4495 | W13: =TRIM(V13) -> 2426914 ** -320, -778, 4403, 324, 1316, 3170, 4743, 4495 | X13: =SEARCH("~*",W13) -> 9 | Y13: =LEFT(W13,X13-1) -> 2426914 | AA13: =CONCATENATE(A13,",",D13,",",E13,",",F13,",",G13,",",H13,",",I13,",",J13,",",K13) -> 2426914,-320,-778,4403,324,1316,3170,4743,4495
... A301: =IF(ISBLANK(T301),"",VALUE(Y301)) -> 173833 | B301: =A301*4/10 -18 -> 69515.2 | C301: =B301/7000000 -> 0.0099307429 | D301: =VALUE(MID(W301,$X301+2,L301-(X301+2))) -> -320 | E301: =VALUE(MID($W301,L301+1,M301-(L301+1))) -> -778 | F301: =VALUE(MID($W301,M301+1,N301-(M301+1))) -> 4403 | G301: =VALUE(MID($W301,N301+1,O301-(N301+1))) -> 324 | H301: =VALUE(MID($W301,O301+1,P301-(O301+1))) -> 1316 | I301: =VALUE(MID($W301,P301+1,Q301-(P301+1))) -> 3170 | J301: =VALUE(MID($W301,Q301+1,R301-(Q301+1))) -> 4743 | K301: =VALUE(MID(W301,R301+1,LEN(W301)-(R301))) -> 4495 | L301: =SEARCH(",",W301,X301) -> 15 | M301: =SEARCH(",",$W301,L301+1) -> 21 | N301: =SEARCH(",",$W301,M301+1) -> 27 | O301: =SEARCH(",",$W301,N301+1) -> 32 | P301: =SEARCH(",",$W301,O301+1) -> 38 | Q301: =SEARCH(",",$W301,P301+1) -> 44 | R301: =SEARCH(",",$W301,Q301+1) -> 50 | T301: Score: 173833 ** -320, -778, 4403, 324, 1316, 3170, 4743, 4495 | U301: =SEARCH(":",T301) -> 6 | V301: =MID(T301,U301+1,LEN(T301)-(U301)) -> 173833 ** -320, -778, 4403, 324, 1316, 3170, 4743, 4495 | W301: =TRIM(V301) -> 173833 ** -320, -778, 4403, 324, 1316, 3170, 4743, 4495 | X301: =SEARCH("~*",W301) -> 8 | Y301: =LEFT(W301,X301-1) -> 173833 | AA301: =CONCATENATE(A301,",",D301,",",E301,",",F301,",",G301,",",H301,",",I301,",",J301,",",K301) -> 173833,-320,-778,4403,324,1316,3170,4743,4495

Sheet SlightMod
A1: score | B1: Approx Lines Cleared | C1: Approx % World Record | D1: w1 | E1: w2 | F1: w3 | G1: w4 | H1: w5 | I1: w6 | J1: w7 | K1: w8 | L1: ,1 | M1: ,2 | N1: ,3 | O1: ,4 | P1: ,5 | Q1: ,6 | R1: ,7 | T1: pastey column | U1: : | V1: cut1 | W1: trimmed | X1: * | Y1: text score
A2: =IF(ISBLANK(T2),"",VALUE(Y2)) -> 3969487 | B2: =A2*4/10 -18 -> 1587776.8 | C2: =B2/7000000 -> 0.22682526 | D2: =VALUE(MID(W2,$X2+2,L2-(X2+2))) -> -320 | E2: =VALUE(MID($W2,L2+1,M2-(L2+1))) -> -776 | F2: =VALUE(MID($W2,M2+1,N2-(M2+1))) -> 4408 | G2: =VALUE(MID($W2,N2+1,O2-(N2+1))) -> 323 | H2: =VALUE(MID($W2,O2+1,P2-(O2+1))) -> 1315 | I2: =VALUE(MID($W2,P2+1,Q2-(P2+1))) -> 3175 | J2: =VALUE(MID($W2,Q2+1,R2-(Q2+1))) -> 4745 | K2: =VALUE(MID(W2,R2+1,LEN(W2)-(R2))) -> 4493 | L2: =SEARCH(",",W2,X2) -> 16 | M2: =SEARCH(",",$W2,L2+1) -> 22 | N2: =SEARCH(",",$W2,M2+1) -> 28 | O2: =SEARCH(",",$W2,N2+1) -> 33 | P2: =SEARCH(",",$W2,O2+1) -> 39 | Q2: =SEARCH(",",$W2,P2+1) -> 45 | R2: =SEARCH(",",$W2,Q2+1) -> 51 | T2: Score: 3969487 ** -320, -776, 4408, 323, 1315, 3175, 4745, 4493 | U2: =SEARCH(":",T2) -> 6 | V2: =MID(T2,U2+1,LEN(T2)-(U2)) -> 3969487 ** -320, -776, 4408, 323, 1315, 3175, 4745, 4493 | W2: =TRIM(V2) -> 3969487 ** -320, -776, 4408, 323, 1315, 3175, 4745, 4493 | X2: =SEARCH("~*",W2) -> 9 | Y2: =LEFT(W2,X2-1) -> 3969487 | AA2: =CONCATENATE(A2,",",D2,",",E2,",",F2,",",G2,",",H2,",",I2,",",J2,",",K2) -> 3969487,-320,-776,4408,323,1315,3175,4745,4493
A3: =IF(ISBLANK(T3),"",VALUE(Y3)) -> 3511977 | B3: =A3*4/10 -18 -> 1404772.8 | C3: =B3/7000000 -> 0.20068183 | D3: =VALUE(MID(W3,$X3+2,L3-(X3+2))) -> -322 | E3: =VALUE(MID($W3,L3+1,M3-(L3+1))) -> -781 | F3: =VALUE(MID($W3,M3+1,N3-(M3+1))) -> 4404 | G3: =VALUE(MID($W3,N3+1,O3-(N3+1))) -> 320 | H3: =VALUE(MID($W3,O3+1,P3-(O3+1))) -> 1318 | I3: =VALUE(MID($W3,P3+1,Q3-(P3+1))) -> 3172 | J3: =VALUE(MID($W3,Q3+1,R3-(Q3+1))) -> 4742 | K3: =VALUE(MID(W3,R3+1,LEN(W3)-(R3))) -> 4495 | L3: =SEARCH(",",W3,X3) -> 16 | M3: =SEARCH(",",$W3,L3+1) -> 22 | N3: =SEARCH(",",$W3,M3+1) -> 28 | O3: =SEARCH(",",$W3,N3+1) -> 33 | P3: =SEARCH(",",$W3,O3+1) -> 39 | Q3: =SEARCH(",",$W3,P3+1) -> 45 | R3: =SEARCH(",",$W3,Q3+1) -> 51 | T3: Score: 3511977 ** -322, -781, 4404, 320, 1318, 3172, 4742, 4495 | U3: =SEARCH(":",T3) -> 6 | V3: =MID(T3,U3+1,LEN(T3)-(U3)) -> 3511977 ** -322, -781, 4404, 320, 1318, 3172, 4742, 4495 | W3: =TRIM(V3) -> 3511977 ** -322, -781, 4404, 320, 1318, 3172, 4742, 4495 | X3: =SEARCH("~*",W3) -> 9 | Y3: =LEFT(W3,X3-1) -> 3511977 | AA3: =CONCATENATE(A3,",",D3,",",E3,",",F3,",",G3,",",H3,",",I3,",",J3,",",K3) -> 3511977,-322,-781,4404,320,1318,3172,4742,4495
A4: =IF(ISBLANK(T4),"",VALUE(Y4)) -> 3234763 | B4: =A4*4/10 -18 -> 1293887.2 | C4: =B4/7000000 -> 0.18484103 | D4: =VALUE(MID(W4,$X4+2,L4-(X4+2))) -> -316 | E4: =VALUE(MID($W4,L4+1,M4-(L4+1))) -> -778 | F4: =VALUE(MID($W4,M4+1,N4-(M4+1))) -> 4405 | G4: =VALUE(MID($W4,N4+1,O4-(N4+1))) -> 324 | H4: =VALUE(MID($W4,O4+1,P4-(O4+1))) -> 1313 | I4: =VALUE(MID($W4,P4+1,Q4-(P4+1))) -> 3171 | J4: =VALUE(MID($W4,Q4+1,R4-(Q4+1))) -> 4748 | K4: =VALUE(MID(W4,R4+1,LEN(W4)-(R4))) -> 4495 | L4: =SEARCH(",",W4,X4) -> 16 | M4: =SEARCH(",",$W4,L4+1) -> 22 | N4: =SEARCH(",",$W4,M4+1) -> 28 | O4: =SEARCH(",",$W4,N4+1) -> 33 | P4: =SEARCH(",",$W4,O4+1) -> 39 | Q4: =SEARCH(",",$W4,P4+1) -> 45 | R4: =SEARCH(",",$W4,Q4+1) -> 51 | T4: Score: 3234763 ** -316, -778, 4405, 324, 1313, 3171, 4748, 4495 | U4: =SEARCH(":",T4) -> 6 | V4: =MID(T4,U4+1,LEN(T4)-(U4)) -> 3234763 ** -316, -778, 4405, 324, 1313, 3171, 4748, 4495 | W4: =TRIM(V4) -> 3234763 ** -316, -778, 4405, 324, 1313, 3171, 4748, 4495 | X4: =SEARCH("~*",W4) -> 9 | Y4: =LEFT(W4,X4-1) -> 3234763 | AA4: =CONCATENATE(A4,",",D4,",",E4,",",F4,",",G4,",",H4,",",I4,",",J4,",",K4) -> 3234763,-316,-778,4405,324,1313,3171,4748,4495
A5: =IF(ISBLANK(T5),"",VALUE(Y5)) -> 3137540 | B5: =A5*4/10 -18 -> 1254998 | C5: =B5/7000000 -> 0.17928543 | D5: =VALUE(MID(W5,$X5+2,L5-(X5+2))) -> -323 | E5: =VALUE(MID($W5,L5+1,M5-(L5+1))) -> -782 | F5: =VALUE(MID($W5,M5+1,N5-(M5+1))) -> 4401 | G5: =VALUE(MID($W5,N5+1,O5-(N5+1))) -> 329 | H5: =VALUE(MID($W5,O5+1,P5-(O5+1))) -> 1316 | I5: =VALUE(MID($W5,P5+1,Q5-(P5+1))) -> 3170 | J5: =VALUE(MID($W5,Q5+1,R5-(Q5+1))) -> 4743 | K5: =VALUE(MID(W5,R5+1,LEN(W5)-(R5))) -> 4492 | L5: =SEARCH(",",W5,X5) -> 16 | M5: =SEARCH(",",$W5,L5+1) -> 22 | N5: =SEARCH(",",$W5,M5+1) -> 28 | O5: =SEARCH(",",$W5,N5+1) -> 33 | P5: =SEARCH(",",$W5,O5+1) -> 39 | Q5: =SEARCH(",",$W5,P5+1) -> 45 | R5: =SEARCH(",",$W5,Q5+1) -> 51 | T5: Score: 3137540 ** -323, -782, 4401, 329, 1316, 3170, 4743, 4492 | U5: =SEARCH(":",T5) -> 6 | V5: =MID(T5,U5+1,LEN(T5)-(U5)) -> 3137540 ** -323, -782, 4401, 329, 1316, 3170, 4743, 4492 | W5: =TRIM(V5) -> 3137540 ** -323, -782, 4401, 329, 1316, 3170, 4743, 4492 | X5: =SEARCH("~*",W5) -> 9 | Y5: =LEFT(W5,X5-1) -> 3137540 | AA5: =CONCATENATE(A5,",",D5,",",E5,",",F5,",",G5,",",H5,",",I5,",",J5,",",K5) -> 3137540,-323,-782,4401,329,1316,3170,4743,4492
A6: =IF(ISBLANK(T6),"",VALUE(Y6)) -> 2758913 | B6: =A6*4/10 -18 -> 1103547.2 | C6: =B6/7000000 -> 0.1576496 | D6: =VALUE(MID(W6,$X6+2,L6-(X6+2))) -> -320 | E6: =VALUE(MID($W6,L6+1,M6-(L6+1))) -> -773 | F6: =VALUE(MID($W6,M6+1,N6-(M6+1))) -> 4407 | G6: =VALUE(MID($W6,N6+1,O6-(N6+1))) -> 327 | H6: =VALUE(MID($W6,O6+1,P6-(O6+1))) -> 1316 | I6: =VALUE(MID($W6,P6+1,Q6-(P6+1))) -> 3168 | J6: =VALUE(MID($W6,Q6+1,R6-(Q6+1))) -> 4741 | K6: =VALUE(MID(W6,R6+1,LEN(W6)-(R6))) -> 4500 | L6: =SEARCH(",",W6,X6) -> 16 | M6: =SEARCH(",",$W6,L6+1) -> 22 | N6: =SEARCH(",",$W6,M6+1) -> 28 | O6: =SEARCH(",",$W6,N6+1) -> 33 | P6: =SEARCH(",",$W6,O6+1) -> 39 | Q6: =SEARCH(",",$W6,P6+1) -> 45 | R6: =SEARCH(",",$W6,Q6+1) -> 51 | T6: Score: 2758913 ** -320, -773, 4407, 327, 1316, 3168, 4741, 4500 | U6: =SEARCH(":",T6) -> 6 | V6: =MID(T6,U6+1,LEN(T6)-(U6)) -> 2758913 ** -320, -773, 4407, 327, 1316, 3168, 4741, 4500 | W6: =TRIM(V6) -> 2758913 ** -320, -773, 4407, 327, 1316, 3168, 4741, 4500 | X6: =SEARCH("~*",W6) -> 9 | Y6: =LEFT(W6,X6-1) -> 2758913 | AA6: =CONCATENATE(A6,",",D6,",",E6,",",F6,",",G6,",",H6,",",I6,",",J6,",",K6) -> 2758913,-320,-773,4407,327,1316,3168,4741,4500
A7: =IF(ISBLANK(T7),"",VALUE(Y7)) -> 2732658 | B7: =A7*4/10 -18 -> 1093045.2 | C7: =B7/7000000 -> 0.15614931 | D7: =VALUE(MID(W7,$X7+2,L7-(X7+2))) -> -317 | E7: =VALUE(MID($W7,L7+1,M7-(L7+1))) -> -777 | F7: =VALUE(MID($W7,M7+1,N7-(M7+1))) -> 4402 | G7: =VALUE(MID($W7,N7+1,O7-(N7+1))) -> 326 | H7: =VALUE(MID($W7,O7+1,P7-(O7+1))) -> 1314 | I7: =VALUE(MID($W7,P7+1,Q7-(P7+1))) -> 3174 | J7: =VALUE(MID($W7,Q7+1,R7-(Q7+1))) -> 4739 | K7: =VALUE(MID(W7,R7+1,LEN(W7)-(R7))) -> 4493 | L7: =SEARCH(",",W7,X7) -> 16 | M7: =SEARCH(",",$W7,L7+1) -> 22 | N7: =SEARCH(",",$W7,M7+1) -> 28 | O7: =SEARCH(",",$W7,N7+1) -> 33 | P7: =SEARCH(",",$W7,O7+1) -> 39 | Q7: =SEARCH(",",$W7,P7+1) -> 45 | R7: =SEARCH(",",$W7,Q7+1) -> 51 | T7: Score: 2732658 ** -317, -777, 4402, 326, 1314, 3174, 4739, 4493 | U7: =SEARCH(":",T7) -> 6 | V7: =MID(T7,U7+1,LEN(T7)-(U7)) -> 2732658 ** -317, -777, 4402, 326, 1314, 3174, 4739, 4493 | W7: =TRIM(V7) -> 2732658 ** -317, -777, 4402, 326, 1314, 3174, 4739, 4493 | X7: =SEARCH("~*",W7) -> 9 | Y7: =LEFT(W7,X7-1) -> 2732658 | AA7: =CONCATENATE(A7,",",D7,",",E7,",",F7,",",G7,",",H7,",",I7,",",J7,",",K7) -> 2732658,-317,-777,4402,326,1314,3174,4739,4493
A8: =IF(ISBLANK(T8),"",VALUE(Y8)) -> 2666002 | B8: =A8*4/10 -18 -> 1066382.8 | C8: =B8/7000000 -> 0.1523404 | D8: =VALUE(MID(W8,$X8+2,L8-(X8+2))) -> -324 | E8: =VALUE(MID($W8,L8+1,M8-(L8+1))) -> -773 | F8: =VALUE(MID($W8,M8+1,N8-(M8+1))) -> 4399 | G8: =VALUE(MID($W8,N8+1,O8-(N8+1))) -> 326 | H8: =VALUE(MID($W8,O8+1,P8-(O8+1))) -> 1316 | I8: =VALUE(MID($W8,P8+1,Q8-(P8+1))) -> 3170 | J8: =VALUE(MID($W8,Q8+1,R8-(Q8+1))) -> 4742 | K8: =VALUE(MID(W8,R8+1,LEN(W8)-(R8))) -> 4500 | L8: =SEARCH(",",W8,X8) -> 16 | M8: =SEARCH(",",$W8,L8+1) -> 22 | N8: =SEARCH(",",$W8,M8+1) -> 28 | O8: =SEARCH(",",$W8,N8+1) -> 33 | P8: =SEARCH(",",$W8,O8+1) -> 39 | Q8: =SEARCH(",",$W8,P8+1) -> 45 | R8: =SEARCH(",",$W8,Q8+1) -> 51 | T8: Score: 2666002 ** -324, -773, 4399, 326, 1316, 3170, 4742, 4500 | U8: =SEARCH(":",T8) -> 6 | V8: =MID(T8,U8+1,LEN(T8)-(U8)) -> 2666002 ** -324, -773, 4399, 326, 1316, 3170, 4742, 4500 | W8: =TRIM(V8) -> 2666002 ** -324, -773, 4399, 326, 1316, 3170, 4742, 4500 | X8: =SEARCH("~*",W8) -> 9 | Y8: =LEFT(W8,X8-1) -> 2666002 | AA8: =CONCATENATE(A8,",",D8,",",E8,",",F8,",",G8,",",H8,",",I8,",",J8,",",K8) -> 2666002,-324,-773,4399,326,1316,3170,4742,4500
A9: =IF(ISBLANK(T9),"",VALUE(Y9)) -> 2662206 | B9: =A9*4/10 -18 -> 1064864.4 | C9: =B9/7000000 -> 0.15212349 | D9: =VALUE(MID(W9,$X9+2,L9-(X9+2))) -> -315 | E9: =VALUE(MID($W9,L9+1,M9-(L9+1))) -> -778 | F9: =VALUE(MID($W9,M9+1,N9-(M9+1))) -> 4408 | G9: =VALUE(MID($W9,N9+1,O9-(N9+1))) -> 323 | H9: =VALUE(MID($W9,O9+1,P9-(O9+1))) -> 1316 | I9: =VALUE(MID($W9,P9+1,Q9-(P9+1))) -> 3170 | J9: =VALUE(MID($W9,Q9+1,R9-(Q9+1))) -> 4740 | K9: =VALUE(MID(W9,R9+1,LEN(W9)-(R9))) -> 4494 | L9: =SEARCH(",",W9,X9) -> 16 | M9: =SEARCH(",",$W9,L9+1) -> 22 | N9: =SEARCH(",",$W9,M9+1) -> 28 | O9: =SEARCH(",",$W9,N9+1) -> 33 | P9: =SEARCH(",",$W9,O9+1) -> 39 | Q9: =SEARCH(",",$W9,P9+1) -> 45 | R9: =SEARCH(",",$W9,Q9+1) -> 51 | T9: Score: 2662206 ** -315, -778, 4408, 323, 1316, 3170, 4740, 4494 | U9: =SEARCH(":",T9) -> 6 | V9: =MID(T9,U9+1,LEN(T9)-(U9)) -> 2662206 ** -315, -778, 4408, 323, 1316, 3170, 4740, 4494 | W9: =TRIM(V9) -> 2662206 ** -315, -778, 4408, 323, 1316, 3170, 4740, 4494 | X9: =SEARCH("~*",W9) -> 9 | Y9: =LEFT(W9,X9-1) -> 2662206 | AA9: =CONCATENATE(A9,",",D9,",",E9,",",F9,",",G9,",",H9,",",I9,",",J9,",",K9) -> 2662206,-315,-778,4408,323,1316,3170,4740,4494
A10: =IF(ISBLANK(T10),"",VALUE(Y10)) -> 2540729 | B10: =A10*4/10 -18 -> 1016273.6 | C10: =B10/7000000 -> 0.14518194 | D10: =VALUE(MID(W10,$X10+2,L10-(X10+2))) -> -318 | E10: =VALUE(MID($W10,L10+1,M10-(L10+1))) -> -778 | F10: =VALUE(MID($W10,M10+1,N10-(M10+1))) -> 4401 | G10: =VALUE(MID($W10,N10+1,O10-(N10+1))) -> 326 | H10: =VALUE(MID($W10,O10+1,P10-(O10+1))) -> 1312 | I10: =VALUE(MID($W10,P10+1,Q10-(P10+1))) -> 3167 | J10: =VALUE(MID($W10,Q10+1,R10-(Q10+1))) -> 4743 | K10: =VALUE(MID(W10,R10+1,LEN(W10)-(R10))) -> 4495 | L10: =SEARCH(",",W10,X10) -> 16 | M10: =SEARCH(",",$W10,L10+1) -> 22 | N10: =SEARCH(",",$W10,M10+1) -> 28 | O10: =SEARCH(",",$W10,N10+1) -> 33 | P10: =SEARCH(",",$W10,O10+1) -> 39 | Q10: =SEARCH(",",$W10,P10+1) -> 45 | R10: =SEARCH(",",$W10,Q10+1) -> 51 | T10: Score: 2540729 ** -318, -778, 4401, 326, 1312, 3167, 4743, 4495 | U10: =SEARCH(":",T10) -> 6 | V10: =MID(T10,U10+1,LEN(T10)-(U10)) -> 2540729 ** -318, -778, 4401, 326, 1312, 3167, 4743, 4495 | W10: =TRIM(V10) -> 2540729 ** -318, -778, 4401, 326, 1312, 3167, 4743, 4495 | X10: =SEARCH("~*",W10) -> 9 | Y10: =LEFT(W10,X10-1) -> 2540729 | AA10: =CONCATENATE(A10,",",D10,",",E10,",",F10,",",G10,",",H10,",",I10,",",J10,",",K10) -> 2540729,-318,-778,4401,326,1312,3167,4743,4495
A11: =IF(ISBLANK(T11),"",VALUE(Y11)) -> 2443446 | B11: =A11*4/10 -18 -> 977360.4 | C11: =B11/7000000 -> 0.13962291 | D11: =VALUE(MID(W11,$X11+2,L11-(X11+2))) -> -323 | E11: =VALUE(MID($W11,L11+1,M11-(L11+1))) -> -780 | F11: =VALUE(MID($W11,M11+1,N11-(M11+1))) -> 4399 | G11: =VALUE(MID($W11,N11+1,O11-(N11+1))) -> 326 | H11: =VALUE(MID($W11,O11+1,P11-(O11+1))) -> 1321 | I11: =VALUE(MID($W11,P11+1,Q11-(P11+1))) -> 3174 | J11: =VALUE(MID($W11,Q11+1,R11-(Q11+1))) -> 4740 | K11: =VALUE(MID(W11,R11+1,LEN(W11)-(R11))) -> 4500 | L11: =SEARCH(",",W11,X11) -> 16 | M11: =SEARCH(",",$W11,L11+1) -> 22 | N11: =SEARCH(",",$W11,M11+1) -> 28 | O11: =SEARCH(",",$W11,N11+1) -> 33 | P11: =SEARCH(",",$W11,O11+1) -> 39 | Q11: =SEARCH(",",$W11,P11+1) -> 45 | R11: =SEARCH(",",$W11,Q11+1) -> 51 | T11: Score: 2443446 ** -323, -780, 4399, 326, 1321, 3174, 4740, 4500 | U11: =SEARCH(":",T11) -> 6 | V11: =MID(T11,U11+1,LEN(T11)-(U11)) -> 2443446 ** -323, -780, 4399, 326, 1321, 3174, 4740, 4500 | W11: =TRIM(V11) -> 2443446 ** -323, -780, 4399, 326, 1321, 3174, 4740, 4500 | X11: =SEARCH("~*",W11) -> 9 | Y11: =LEFT(W11,X11-1) -> 2443446 | AA11: =CONCATENATE(A11,",",D11,",",E11,",",F11,",",G11,",",H11,",",I11,",",J11,",",K11) -> 2443446,-323,-780,4399,326,1321,3174,4740,4500
A12: =IF(ISBLANK(T12),"",VALUE(Y12)) -> 2431002 | B12: =A12*4/10 -18 -> 972382.8 | C12: =B12/7000000 -> 0.13891183 | D12: =VALUE(MID(W12,$X12+2,L12-(X12+2))) -> -323 | E12: =VALUE(MID($W12,L12+1,M12-(L12+1))) -> -778 | F12: =VALUE(MID($W12,M12+1,N12-(M12+1))) -> 4401 | G12: =VALUE(MID($W12,N12+1,O12-(N12+1))) -> 325 | H12: =VALUE(MID($W12,O12+1,P12-(O12+1))) -> 1316 | I12: =VALUE(MID($W12,P12+1,Q12-(P12+1))) -> 3169 | J12: =VALUE(MID($W12,Q12+1,R12-(Q12+1))) -> 4744 | K12: =VALUE(MID(W12,R12+1,LEN(W12)-(R12))) -> 4491 | L12: =SEARCH(",",W12,X12) -> 16 | M12: =SEARCH(",",$W12,L12+1) -> 22 | N12: =SEARCH(",",$W12,M12+1) -> 28 | O12: =SEARCH(",",$W12,N12+1) -> 33 | P12: =SEARCH(",",$W12,O12+1) -> 39 | Q12: =SEARCH(",",$W12,P12+1) -> 45 | R12: =SEARCH(",",$W12,Q12+1) -> 51 | T12: Score: 2431002 ** -323, -778, 4401, 325, 1316, 3169, 4744, 4491 | U12: =SEARCH(":",T12) -> 6 | V12: =MID(T12,U12+1,LEN(T12)-(U12)) -> 2431002 ** -323, -778, 4401, 325, 1316, 3169, 4744, 4491 | W12: =TRIM(V12) -> 2431002 ** -323, -778, 4401, 325, 1316, 3169, 4744, 4491 | X12: =SEARCH("~*",W12) -> 9 | Y12: =LEFT(W12,X12-1) -> 2431002 | AA12: =CONCATENATE(A12,",",D12,",",E12,",",F12,",",G12,",",H12,",",I12,",",J12,",",K12) -> 2431002,-323,-778,4401,325,1316,3169,4744,4491
A13: =IF(ISBLANK(T13),"",VALUE(Y13)) -> 2418074 | B13: =A13*4/10 -18 -> 967211.6 | C13: =B13/7000000 -> 0.13817309 | D13: =VALUE(MID(W13,$X13+2,L13-(X13+2))) -> -318 | E13: =VALUE(MID($W13,L13+1,M13-(L13+1))) -> -780 | F13: =VALUE(MID($W13,M13+1,N13-(M13+1))) -> 4404 | G13: =VALUE(MID($W13,N13+1,O13-(N13+1))) -> 329 | H13: =VALUE(MID($W13,O13+1,P13-(O13+1))) -> 1319 | I13: =VALUE(MID($W13,P13+1,Q13-(P13+1))) -> 3167 | J13: =VALUE(MID($W13,Q13+1,R13-(Q13+1))) -> 4747 | K13: =VALUE(MID(W13,R13+1,LEN(W13)-(R13))) -> 4498 | L13: =SEARCH(",",W13,X13) -> 16 | M13: =SEARCH(",",$W13,L13+1) -> 22 | N13: =SEARCH(",",$W13,M13+1) -> 28 | O13: =SEARCH(",",$W13,N13+1) -> 33 | P13: =SEARCH(",",$W13,O13+1) -> 39 | Q13: =SEARCH(",",$W13,P13+1) -> 45 | R13: =SEARCH(",",$W13,Q13+1) -> 51 | T13: Score: 2418074 ** -318, -780, 4404, 329, 1319, 3167, 4747, 4498 | U13: =SEARCH(":",T13) -> 6 | V13: =MID(T13,U13+1,LEN(T13)-(U13)) -> 2418074 ** -318, -780, 4404, 329, 1319, 3167, 4747, 4498 | W13: =TRIM(V13) -> 2418074 ** -318, -780, 4404, 329, 1319, 3167, 4747, 4498 | X13: =SEARCH("~*",W13) -> 9 | Y13: =LEFT(W13,X13-1) -> 2418074 | AA13: =CONCATENATE(A13,",",D13,",",E13,",",F13,",",G13,",",H13,",",I13,",",J13,",",K13) -> 2418074,-318,-780,4404,329,1319,3167,4747,4498
... A281: =IF(ISBLANK(T281),"",VALUE(Y281)) -> 1164 | B281: =A281*4/10 -18 -> 447.6 | C281: =B281/7000000 -> 6.3942857e-05 | D281: =VALUE(MID(W281,$X281+2,L281-(X281+2))) -> -320 | E281: =VALUE(MID($W281,L281+1,M281-(L281+1))) -> -775 | F281: =VALUE(MID($W281,M281+1,N281-(M281+1))) -> 4404 | G281: =VALUE(MID($W281,N281+1,O281-(N281+1))) -> 322 | H281: =VALUE(MID($W281,O281+1,P281-(O281+1))) -> 1321 | I281: =VALUE(MID($W281,P281+1,Q281-(P281+1))) -> 3175 | J281: =VALUE(MID($W281,Q281+1,R281-(Q281+1))) -> 4743 | K281: =VALUE(MID(W281,R281+1,LEN(W281)-(R281))) -> 4494 | L281: =SEARCH(",",W281,X281) -> 13 | M281: =SEARCH(",",$W281,L281+1) -> 19 | N281: =SEARCH(",",$W281,M281+1) -> 25 | O281: =SEARCH(",",$W281,N281+1) -> 30 | P281: =SEARCH(",",$W281,O281+1) -> 36 | Q281: =SEARCH(",",$W281,P281+1) -> 42 | R281: =SEARCH(",",$W281,Q281+1) -> 48 | T281: Score: 1164 ** -320, -775, 4404, 322, 1321, 3175, 4743, 4494 | U281: =SEARCH(":",T281) -> 6 | V281: =MID(T281,U281+1,LEN(T281)-(U281)) -> 1164 ** -320, -775, 4404, 322, 1321, 3175, 4743, 4494 | W281: =TRIM(V281) -> 1164 ** -320, -775, 4404, 322, 1321, 3175, 4743, 4494 | X281: =SEARCH("~*",W281) -> 6 | Y281: =LEFT(W281,X281-1) -> 1164 | AA281: =CONCATENATE(A281,",",D281,",",E281,",",F281,",",G281,",",H281,",",I281,",",J281,",",K281) -> 1164,-320,-775,4404,322,1321,3175,4743,4494
T282: Score: 75014 ** -315, -773, 4406, 323, 1321, 3175, 4743, 4498
T283: Score: 1115191 ** -320, -775, 4401, 324, 1319, 3169, 4742, 4499 | AA283: =SUM(#REF!) -> #REF! | AB283: =AA283/SUM(B2:B281) -> #REF!
T284: Score: 2137466 ** -322, -776, 4402, 324, 1312, 3170, 4746, 4495
T285: Score: 2448975 ** -322, -779, 4403, 329, 1314, 3170, 4746, 4494
T286: Score: 2096601 ** -318, -774, 4408, 325, 1316, 3170, 4745, 4495
T287: Score: 663033 ** -322, -776, 4405, 327, 1318, 3175, 4744, 4496
T288: Score: 262915 ** -319, -775, 4400, 325, 1321, 3169, 4741, 4498
T289: Score: 845854 ** -315, -779, 4403, 328, 1319, 3174, 4746, 4499
T290: Score: 952321 ** -315, -777, 4406, 325, 1314, 3168, 4740, 4495
T291: Score: 447031 ** -320, -773, 4401, 321, 1321, 3170, 4745, 4494
T292: Score: 284257 ** -318, -776, 4404, 321, 1316, 3169, 4739, 4496
T293: Score: 99081 ** -315, -773, 4407, 321, 1312, 3172, 4742, 4497
T294: Score: 190731 ** -315, -775, 4401, 327, 1319, 3172, 4745, 4495
T295: Score: 567182 ** -320, -779, 4402, 327, 1314, 3171, 4740, 4492
... T301: Score: 617642 ** -317, -778, 4399, 320, 1320, 3171, 4739, 4499

Sheet weighted average of weights
A1: w1 | B1: w2 | C1: w3 | D1: w4 | E1: w5 | F1: w6 | G1: w7 | H1: w8 | K1: total lines cleared from all sum | L1: =SUM(clones!B2:B281) -> 83928667
A2: =clones!D2*clones!$B2 -> -576653952 | B2: =clones!E2*clones!$B2 -> -1.4019899e+09 | C2: =clones!F2*clones!$B2 -> 7.934398e+09 | D2: =clones!G2*clones!$B2 -> 5.8386213e+08 | E2: =clones!H2*clones!$B2 -> 2.3714894e+09 | F2: =clones!I2*clones!$B2 -> 5712478212 | G2: =clones!J2*clones!$B2 -> 8.5470928e+09 | H2: =clones!K2*clones!$B2 -> 8100185982 | K2: w1 | L2: w2 | M2: w3 | N2: w4 | O2: w5 | P2: w6 | Q2: w7 | R2: w8
A3: =clones!D3*clones!$B3 -> -529273600 | B3: =clones!E3*clones!$B3 -> -1286796440 | C3: =clones!F3*clones!$B3 -> 7282473940 | D3: =clones!G3*clones!$B3 -> 535889520 | E3: =clones!H3*clones!$B3 -> 2176637680 | F3: =clones!I3*clones!$B3 -> 5243116600 | G3: =clones!J3*clones!$B3 -> 7844827140 | H3: =clones!K3*clones!$B3 -> 7434640100 | K3: =SUM(A:A) -> -26857173504 | L3: =SUM(B:B) -> -6.5296503e+10 | M3: =SUM(C:C) -> 3.6953792e+11 | N3: =SUM(D:D) -> 2.7192888e+10 | O3: =SUM(E:E) -> 1.1045013e+11 | P3: =SUM(F:F) -> 266053875024 | Q3: =SUM(G:G) -> 3.9807367e+11 | R3: =SUM(H:H) -> 377259359064
A4: =clones!D4*clones!$B4 -> -528900608 | B4: =clones!E4*clones!$B4 -> -1.2858896e+09 | C4: =clones!F4*clones!$B4 -> 7.2773418e+09 | D4: =clones!G4*clones!$B4 -> 5.3551187e+08 | E4: =clones!H4*clones!$B4 -> 2.1751038e+09 | F4: =clones!I4*clones!$B4 -> 5239421648 | G4: =clones!J4*clones!$B4 -> 7.8392987e+09 | H4: =clones!K4*clones!$B4 -> 7429400728 | J4: top 10 | K4: =K3/$L$1 -> -320 | L4: =L3/$L$1 -> -778 | M4: =M3/$L$1 -> 4403 | N4: =N3/$L$1 -> 324 | O4: =O3/$L$1 -> 1316 | P4: =P3/$L$1 -> 3170 | Q4: =Q3/$L$1 -> 4743 | R4: =R3/$L$1 -> 4495
A5: =clones!D5*clones!$B5 -> -509118976 | B5: =clones!E5*clones!$B5 -> -1.2377955e+09 | C5: =clones!F5*clones!$B5 -> 7.0051589e+09 | D5: =clones!G5*clones!$B5 -> 5.1548296e+08 | E5: =clones!H5*clones!$B5 -> 2.0937518e+09 | F5: =clones!I5*clones!$B5 -> 5043459856 | G5: =clones!J5*clones!$B5 -> 7.5460978e+09 | H5: =clones!K5*clones!$B5 -> 7151530616
A6: =clones!D6*clones!$B6 -> -408070528 | B6: =clones!E6*clones!$B6 -> -9.9212147e+08 | C6: =clones!F6*clones!$B6 -> 5.6147954e+09 | D6: =clones!G6*clones!$B6 -> 4.1317141e+08 | E6: =clones!H6*clones!$B6 -> 1.67819e+09 | F6: =clones!I6*clones!$B6 -> 4.0424487e+09 | G6: =clones!J6*clones!$B6 -> 6.0483704e+09 | H6: =clones!K6*clones!$B6 -> 5732115698
A7: =clones!D7*clones!$B7 -> -400342400 | B7: =clones!E7*clones!$B7 -> -973332460 | C7: =clones!F7*clones!$B7 -> 5508461210 | D7: =clones!G7*clones!$B7 -> 405346680 | E7: =clones!H7*clones!$B7 -> 1646408120 | F7: =clones!I7*clones!$B7 -> 3965891900 | G7: =clones!J7*clones!$B7 -> 5933825010 | H7: =clones!K7*clones!$B7 -> 5623559650
A8: =clones!D8*clones!$B8 -> -371677696 | B8: =clones!E8*clones!$B8 -> -9.036414e+08 | C8: =clones!F8*clones!$B8 -> 5.1140528e+09 | D8: =clones!G8*clones!$B8 -> 3.7632367e+08 | E8: =clones!H8*clones!$B8 -> 1.5285245e+09 | F8: =clones!I8*clones!$B8 -> 3681932176 | G8: =clones!J8*clones!$B8 -> 5.5089604e+09 | H8: =clones!K8*clones!$B8 -> 5220910136
A9: =clones!D9*clones!$B9 -> -332368000 | B9: =clones!E9*clones!$B9 -> -808069700 | C9: =clones!F9*clones!$B9 -> 4573175950 | D9: =clones!G9*clones!$B9 -> 336522600 | E9: =clones!H9*clones!$B9 -> 1366863400 | F9: =clones!I9*clones!$B9 -> 3292520500 | G9: =clones!J9*clones!$B9 -> 4926316950 | H9: =clones!K9*clones!$B9 -> 4668731750
A10: =clones!D10*clones!$B10 -> -328801792 | B10: =clones!E10*clones!$B10 -> -7.9939936e+08 | C10: =clones!F10*clones!$B10 -> 4.5241072e+09 | D10: =clones!G10*clones!$B10 -> 3.3291181e+08 | E10: =clones!H10*clones!$B10 -> 1.3521974e+09 | F10: =clones!I10*clones!$B10 -> 3257192752 | G10: =clones!J10*clones!$B10 -> 4.8734591e+09 | H10: =clones!K10*clones!$B10 -> 4618637672
A11: =clones!D11*clones!$B11 -> -317858176 | B11: =clones!E11*clones!$B11 -> -7.7279269e+08 | C11: =clones!F11*clones!$B11 -> 4.3735298e+09 | D11: =clones!G11*clones!$B11 -> 3.218314e+08 | E11: =clones!H11*clones!$B11 -> 1.3071917e+09 | F11: =clones!I11*clones!$B11 -> 3148782556 | G11: =clones!J11*clones!$B11 -> 4.7112542e+09 | H11: =clones!K11*clones!$B11 -> 4464914066
A12: =clones!D12*clones!$B12 -> -316892544 | B12: =clones!E12*clones!$B12 -> -7.70445e+08 | C12: =clones!F12*clones!$B12 -> 4.3602433e+09 | D12: =clones!G12*clones!$B12 -> 3.208537e+08 | E12: =clones!H12*clones!$B12 -> 1.3032206e+09 | F12: =clones!I12*clones!$B12 -> 3139216764 | G12: =clones!J12*clones!$B12 -> 4.6969417e+09 | H12: =clones!K12*clones!$B12 -> 4451349954
A13: =clones!D13*clones!$B13 -> -310639232 | B13: =clones!E13*clones!$B13 -> -7.5524163e+08 | C13: =clones!F13*clones!$B13 -> 4.2742017e+09 | D13: =clones!G13*clones!$B13 -> 3.1452222e+08 | E13: =clones!H13*clones!$B13 -> 1.2775038e+09 | F13: =clones!I13*clones!$B13 -> 3077269892 | G13: =clones!J13*clones!$B13 -> 4.6042559e+09 | H13: =clones!K13*clones!$B13 -> 4363510462
A14: =clones!D14*clones!$B14 -> -298752768 | B14: =clones!E14*clones!$B14 -> -7.2634267e+08 | C14: =clones!F14*clones!$B14 -> 4.1106514e+09 | D14: =clones!G14*clones!$B14 -> 3.0248718e+08 | E14: =clones!H14*clones!$B14 -> 1.2286208e+09 | F14: =clones!I14*clones!$B14 -> 2959519608 | G14: =clones!J14*clones!$B14 -> 4.4280762e+09 | H14: =clones!K14*clones!$B14 -> 4196542788
A15: =clones!D15*clones!$B15 -> -280833920 | B15: =clones!E15*clones!$B15 -> -682777468 | C15: =clones!F15*clones!$B15 -> 3864099218 | D15: =clones!G15*clones!$B15 -> 284344344 | E15: =clones!H15*clones!$B15 -> 1154929496 | F15: =clones!I15*clones!$B15 -> 2782011020 | G15: =clones!J15*clones!$B15 -> 4162485258 | H15: =clones!K15*clones!$B15 -> 3944838970
A16: =clones!D16*clones!$B16 -> -265529088 | B16: =clones!E16*clones!$B16 -> -6.455676e+08 | C16: =clones!F16*clones!$B16 -> 3.6535143e+09 | D16: =clones!G16*clones!$B16 -> 2.688482e+08 | E16: =clones!H16*clones!$B16 -> 1.0919884e+09 | F16: =clones!I16*clones!$B16 -> 2630397528 | G16: =clones!J16*clones!$B16 -> 3.935639e+09 | H16: =clones!K16*clones!$B16 -> 3729853908
... A281: =clones!D281*clones!$B281 -> -164608 | B281: =clones!E281*clones!$B281 -> -400203.2 | C281: =clones!F281*clones!$B281 -> 2264903.2 | D281: =clones!G281*clones!$B281 -> 166665.6 | E281: =clones!H281*clones!$B281 -> 676950.4 | F281: =clones!I281*clones!$B281 -> 1630648 | G281: =clones!J281*clones!$B281 -> 2439799.2 | H281: =clones!K281*clones!$B281 -> 2312228

Sheet Sheet4
A1: Score: 397 ** -3, -8, 43, 4, 14, 31, 47, 45 | B1: =SEARCH(":",A1) -> 6 | C1: =MID(A1,B1+1,LEN(A1)-(B1+1)) -> 397 ** -3, -8, 43, 4, 14, 31, 47, 4 | D1: =TRIM(C1) -> 397 ** -3, -8, 43, 4, 14, 31, 47, 4 | E1: =SEARCH("~*",D1) -> 5 | F1: =LEFT(D1,E1-1) -> 397 | G1: =IF(ISBLANK(A1),"",VALUE(F1)) -> 397
A2: Score: 1709 ** -3, -8, 43, 4, 14, 31, 47, 45 | B2: =SEARCH(":",A2) -> 6 | C2: =MID(A2,B2+1,LEN(A2)-(B2+1)) -> 1709 ** -3, -8, 43, 4, 14, 31, 47, 4 | D2: =TRIM(C2) -> 1709 ** -3, -8, 43, 4, 14, 31, 47, 4 | E2: =SEARCH("~*",D2) -> 6 | F2: =LEFT(D2,E2-1) -> 1709 | G2: =IF(ISBLANK(A2),"",VALUE(F2)) -> 1709
A3: Score: 8351 ** -3, -8, 43, 4, 14, 31, 47, 45 | B3: =SEARCH(":",A3) -> 6 | C3: =MID(A3,B3+1,LEN(A3)-(B3+1)) -> 8351 ** -3, -8, 43, 4, 14, 31, 47, 4 | D3: =TRIM(C3) -> 8351 ** -3, -8, 43, 4, 14, 31, 47, 4 | E3: =SEARCH("~*",D3) -> 6 | F3: =LEFT(D3,E3-1) -> 8351 | G3: =IF(ISBLANK(A3),"",VALUE(F3)) -> 8351
A4: Score: 5697 ** -3, -8, 43, 4, 14, 31, 47, 45 | B4: =SEARCH(":",A4) -> 6 | C4: =MID(A4,B4+1,LEN(A4)-(B4+1)) -> 5697 ** -3, -8, 43, 4, 14, 31, 47, 4 | D4: =TRIM(C4) -> 5697 ** -3, -8, 43, 4, 14, 31, 47, 4 | E4: =SEARCH("~*",D4) -> 6 | F4: =LEFT(D4,E4-1) -> 5697 | G4: =IF(ISBLANK(A4),"",VALUE(F4)) -> 5697
A5: Score: 3977 ** -3, -8, 43, 4, 14, 31, 47, 45 | B5: =SEARCH(":",A5) -> 6 | C5: =MID(A5,B5+1,LEN(A5)-(B5+1)) -> 3977 ** -3, -8, 43, 4, 14, 31, 47, 4 | D5: =TRIM(C5) -> 3977 ** -3, -8, 43, 4, 14, 31, 47, 4 | E5: =SEARCH("~*",D5) -> 6 | F5: =LEFT(D5,E5-1) -> 3977 | G5: =IF(ISBLANK(A5),"",VALUE(F5)) -> 3977
A6: Score: 1890 ** -3, -8, 43, 4, 14, 31, 47, 45 | B6: =SEARCH(":",A6) -> 6 | C6: =MID(A6,B6+1,LEN(A6)-(B6+1)) -> 1890 ** -3, -8, 43, 4, 14, 31, 47, 4 | D6: =TRIM(C6) -> 1890 ** -3, -8, 43, 4, 14, 31, 47, 4 | E6: =SEARCH("~*",D6) -> 6 | F6: =LEFT(D6,E6-1) -> 1890 | G6: =IF(ISBLANK(A6),"",VALUE(F6)) -> 1890
A7: Score: 14556 ** -3, -8, 43, 4, 14, 31, 47, 45 | B7: =SEARCH(":",A7) -> 6 | C7: =MID(A7,B7+1,LEN(A7)-(B7+1)) -> 14556 ** -3, -8, 43, 4, 14, 31, 47, 4 | D7: =TRIM(C7) -> 14556 ** -3, -8, 43, 4, 14, 31, 47, 4 | E7: =SEARCH("~*",D7) -> 7 | F7: =LEFT(D7,E7-1) -> 14556 | G7: =IF(ISBLANK(A7),"",VALUE(F7)) -> 14556
A8: Score: 4493 ** -3, -8, 43, 4, 14, 31, 47, 45 | B8: =SEARCH(":",A8) -> 6 | C8: =MID(A8,B8+1,LEN(A8)-(B8+1)) -> 4493 ** -3, -8, 43, 4, 14, 31, 47, 4 | D8: =TRIM(C8) -> 4493 ** -3, -8, 43, 4, 14, 31, 47, 4 | E8: =SEARCH("~*",D8) -> 6 | F8: =LEFT(D8,E8-1) -> 4493 | G8: =IF(ISBLANK(A8),"",VALUE(F8)) -> 4493
A9: Score: 22762 ** -3, -8, 43, 4, 14, 31, 47, 45 | B9: =SEARCH(":",A9) -> 6 | C9: =MID(A9,B9+1,LEN(A9)-(B9+1)) -> 22762 ** -3, -8, 43, 4, 14, 31, 47, 4 | D9: =TRIM(C9) -> 22762 ** -3, -8, 43, 4, 14, 31, 47, 4 | E9: =SEARCH("~*",D9) -> 7 | F9: =LEFT(D9,E9-1) -> 22762 | G9: =IF(ISBLANK(A9),"",VALUE(F9)) -> 22762
A10: Score: 12927 ** -3, -8, 43, 4, 14, 31, 47, 45 | B10: =SEARCH(":",A10) -> 6 | C10: =MID(A10,B10+1,LEN(A10)-(B10+1)) -> 12927 ** -3, -8, 43, 4, 14, 31, 47, 4 | D10: =TRIM(C10) -> 12927 ** -3, -8, 43, 4, 14, 31, 47, 4 | E10: =SEARCH("~*",D10) -> 7 | F10: =LEFT(D10,E10-1) -> 12927 | G10: =IF(ISBLANK(A10),"",VALUE(F10)) -> 12927
A11: Score: 10760 ** -3, -8, 43, 4, 14, 31, 47, 45 | B11: =SEARCH(":",A11) -> 6 | C11: =MID(A11,B11+1,LEN(A11)-(B11+1)) -> 10760 ** -3, -8, 43, 4, 14, 31, 47, 4 | D11: =TRIM(C11) -> 10760 ** -3, -8, 43, 4, 14, 31, 47, 4 | E11: =SEARCH("~*",D11) -> 7 | F11: =LEFT(D11,E11-1) -> 10760 | G11: =IF(ISBLANK(A11),"",VALUE(F11)) -> 10760
A12: Score: 12730 ** -3, -8, 43, 4, 14, 31, 47, 45 | B12: =SEARCH(":",A12) -> 6 | C12: =MID(A12,B12+1,LEN(A12)-(B12+1)) -> 12730 ** -3, -8, 43, 4, 14, 31, 47, 4 | D12: =TRIM(C12) -> 12730 ** -3, -8, 43, 4, 14, 31, 47, 4 | E12: =SEARCH("~*",D12) -> 7 | F12: =LEFT(D12,E12-1) -> 12730 | G12: =IF(ISBLANK(A12),"",VALUE(F12)) -> 12730
... A255: Score: 2953765 ** -3, -8, 43, 4, 14, 31, 47, 45 | B255: =SEARCH(":",A255) -> 6 | C255: =MID(A255,B255+1,LEN(A255)-(B255+1)) -> 2953765 ** -3, -8, 43, 4, 14, 31, 47, 4 | D255: =TRIM(C255) -> 2953765 ** -3, -8, 43, 4, 14, 31, 47, 4 | E255: =SEARCH("~*",D255) -> 9 | F255: =LEFT(D255,E255-1) -> 2953765 | G255: =IF(ISBLANK(A255),"",VALUE(F255)) -> 2953765

Sheet chart of clones
A1: score interval | B1: number of games | D1: min score | E1: =MIN(clones!A:A) -> 1331
A2: =E2/H2 -> 150171.8 | B2: =COUNTIFS(clones!A:A,">0",clones!A:A, CONCATENATE("<=",A2)) -> 38 | D2: max score | E2: =MAX(clones!A:A) -> 4505154 | G2: number of score intervals from 0 | H2: 30
A3: =IF((A2<=$E$2),A2+ $E$2/$H$2,"") -> 300343.6 | B3: =COUNTIFS(clones!A:A,CONCATENATE(">",A2),clones!A:A, CONCATENATE("<=",A3)) -> 49
A4: =IF((A3<=$E$2),A3+ $E$2/$H$2,"") -> 450515.4 | B4: =COUNTIFS(clones!A:A,CONCATENATE(">",A3),clones!A:A, CONCATENATE("<=",A4)) -> 43
A5: =IF((A4<=$E$2),A4+ $E$2/$H$2,"") -> 600687.2 | B5: =COUNTIFS(clones!A:A,CONCATENATE(">",A4),clones!A:A, CONCATENATE("<=",A5)) -> 32
A6: =IF((A5<=$E$2),A5+ $E$2/$H$2,"") -> 750859 | B6: =COUNTIFS(clones!A:A,CONCATENATE(">",A5),clones!A:A, CONCATENATE("<=",A6)) -> 24
A7: =IF((A6<=$E$2),A6+ $E$2/$H$2,"") -> 901030.8 | B7: =COUNTIFS(clones!A:A,CONCATENATE(">",A6),clones!A:A, CONCATENATE("<=",A7)) -> 22
A8: =IF((A7<=$E$2),A7+ $E$2/$H$2,"") -> 1051202.6 | B8: =COUNTIFS(clones!A:A,CONCATENATE(">",A7),clones!A:A, CONCATENATE("<=",A8)) -> 19
A9: =IF((A8<=$E$2),A8+ $E$2/$H$2,"") -> 1201374.4 | B9: =COUNTIFS(clones!A:A,CONCATENATE(">",A8),clones!A:A, CONCATENATE("<=",A9)) -> 16 | D9: total games counted here | E9: =SUM(B:B) -> 300
A10: =IF((A9<=$E$2),A9+ $E$2/$H$2,"") -> 1351546.2 | B10: =COUNTIFS(clones!A:A,CONCATENATE(">",A9),clones!A:A, CONCATENATE("<=",A10)) -> 13 | D10: total games on other sheet | E10: =COUNTA(clones!T:T)-1 -> 300
A11: =IF((A10<=$E$2),A10+ $E$2/$H$2,"") -> 1501718 | B11: =COUNTIFS(clones!A:A,CONCATENATE(">",A10),clones!A:A, CONCATENATE("<=",A11)) -> 11
A12: =IF((A11<=$E$2),A11+ $E$2/$H$2,"") -> 1651889.8 | B12: =COUNTIFS(clones!A:A,CONCATENATE(">",A11),clones!A:A, CONCATENATE("<=",A12)) -> 5
A13: =IF((A12<=$E$2),A12+ $E$2/$H$2,"") -> 1802061.6 | B13: =COUNTIFS(clones!A:A,CONCATENATE(">",A12),clones!A:A, CONCATENATE("<=",A13)) -> 7
A14: =IF((A13<=$E$2),A13+ $E$2/$H$2,"") -> 1952233.4 | B14: =COUNTIFS(clones!A:A,CONCATENATE(">",A13),clones!A:A, CONCATENATE("<=",A14)) -> 3
A15: =IF((A14<=$E$2),A14+ $E$2/$H$2,"") -> 2102405.2 | B15: =COUNTIFS(clones!A:A,CONCATENATE(">",A14),clones!A:A, CONCATENATE("<=",A15)) -> 2
A16: =IF((A15<=$E$2),A15+ $E$2/$H$2,"") -> 2252577 | B16: =COUNTIFS(clones!A:A,CONCATENATE(">",A15),clones!A:A, CONCATENATE("<=",A16)) -> 2
A17: =IF((A16<=$E$2),A16+ $E$2/$H$2,"") -> 2402748.8 | B17: =COUNTIFS(clones!A:A,CONCATENATE(">",A16),clones!A:A, CONCATENATE("<=",A17)) -> 1
A18: =IF((A17<=$E$2),A17+ $E$2/$H$2,"") -> 2552920.6 | B18: =COUNTIFS(clones!A:A,CONCATENATE(">",A17),clones!A:A, CONCATENATE("<=",A18)) -> 3
A19: =IF((A18<=$E$2),A18+ $E$2/$H$2,"") -> 2703092.4 | B19: =COUNTIFS(clones!A:A,CONCATENATE(">",A18),clones!A:A, CONCATENATE("<=",A19)) -> 2
A20: =IF((A19<=$E$2),A19+ $E$2/$H$2,"") -> 2853264.2 | B20: =COUNTIFS(clones!A:A,CONCATENATE(">",A19),clones!A:A, CONCATENATE("<=",A20)) -> 1
A21: =IF((A20<=$E$2),A20+ $E$2/$H$2,"") -> 3003436 | B21: =COUNTIFS(clones!A:A,CONCATENATE(">",A20),clones!A:A, CONCATENATE("<=",A21)) -> 1
A22: =IF((A21<=$E$2),A21+ $E$2/$H$2,"") -> 3153607.8 | B22: =COUNTIFS(clones!A:A,CONCATENATE(">",A21),clones!A:A, CONCATENATE("<=",A22)) -> 1
... A32: =IF((A31<=$E$2),A31+ $E$2/$H$2,"") -> 4655325.8 | B32: =COUNTIFS(clones!A:A,CONCATENATE(">",A31),clones!A:A, CONCATENATE("<=",A32)) -> 0
A33: =IF((A32<=$E$2),A32+ $E$2/$H$2,"")
A34: =IF((A33<$E$2),A33+ $E$2/$H$2,"")
A35: =IF((A34<$E$2),A34+ $E$2/$H$2,"")
A36: =IF((A35<$E$2),A35+ $E$2/$H$2,"")
A37: =IF((A36<$E$2),A36+ $E$2/$H$2,"")
A38: =IF((A37<$E$2),A37+ $E$2/$H$2,"")
A39: =IF((A38<$E$2),A38+ $E$2/$H$2,"")
A40: =IF((A39<$E$2),A39+ $E$2/$H$2,"")
A41: =IF((A40<$E$2),A40+ $E$2/$H$2,"")
